- nome: Leme
  cidade: Rio de Janeiro
- nome: Botafogo
  cidade: Rio de Janeiro
- nome: Copacabana
  cidade: Rio de Janeiro
- nome: Lagoa
  cidade: Rio de Janeiro
- nome: Humaita
  cidade: Rio de Janeiro
- nome: Ipanema
  cidade: Rio de Janeiro
- nome: Tijuca
  cidade: Rio de Janeiro
- nome: Vidigal
  cidade: Rio de Janeiro
- nome: Sao Conrado
  cidade: Rio de Janeiro
- nome: Leblon
  cidade: Rio de Janeiro
- nome: Urca
  cidade: Rio de Janeiro
- nome: Teresópolis
  cidade: Teresópolis
  estado: RJ
- nome: Pancas
  cidade: Pancas
  estado: ES
